[{"model": "admin.logentry", "pk": 1, "fields": {"action_time": "2026-03-21T13:35:23.931Z", "user": 1, "content_type": 9, "object_id": "1", "object_repr": "B1", "action_flag": 1, "change_message": "[{\"added\": {}}]"}}, {"model": "admin.logentry", "pk": 2, "fields": {"action_time": "2026-03-21T13:35:41.813Z", "user": 1, "content_type": 9, "object_id": "2", "object_repr": "B2", "action_flag": 1, "change_message": "[{\"added\": {}}]"}}, {"model": "admin.logentry", "pk": 3, "fields": {"action_time": "2026-03-21T13:35:52.902Z", "user": 1, "content_type": 9, "object_id": "3", "object_repr": "B6", "action_flag": 1, "change_message": "[{\"added\": {}}]"}}, {"model": "admin.logentry", "pk": 4, "fields": {"action_time": "2026-03-21T13:44:58.228Z", "user": 1, "content_type": 11, "object_id": "1", "object_repr": "BMB-03 - Paint bucket 10L - 2 slots", "action_flag": 2, "change_message": "[{\"changed\": {\"fields\": [\"Description\"]}}]"}}, {"model": "admin.logentry", "pk": 5, "fields": {"action_time": "2026-03-22T21:32:12.511Z", "user": 1, "content_type": 21, "object_id": "1", "object_repr": "Customer object (1)", "action_flag": 1, "change_message": "[{\"added\": {}}]"}}, {"model": "admin.logentry", "pk": 6, "fields": {"action_time": "2026-03-22T21:32:32.325Z", "user": 1, "content_type": 21, "object_id": "2", "object_repr": "Customer object (2)", "action_flag": 1, "change_message": "[{\"added\": {}}]"}}, {"model": "admin.logentry", "pk": 7, "fields": {"action_time": "2026-03-22T21:32:37.730Z", "user": 1, "content_type": 21, "object_id": "3", "object_repr": "Customer object (3)", "action_flag": 1, "change_message": "[{\"added\": {}}]"}}, {"model": "admin.logentry", "pk": 8, "fields": {"action_time": "2026-03-22T21:32:47.290Z", "user": 1, "content_type": 21, "object_id": "4", "object_repr": "Customer object (4)", "action_flag": 1, "change_message": "[{\"added\": {}}]"}}, {"model": "admin.logentry", "pk": 9, "fields": {"action_time": "2026-03-22T21:32:55.104Z", "user": 1, "content_type": 21, "object_id": "4", "object_repr": "Customer object (4)", "action_flag": 2, "change_message": "[{\"changed\": {\"fields\": [\"Customer own labeling\"]}}]"}}, {"model": "admin.logentry", "pk": 10, "fields": {"action_time": "2026-03-22T21:32:58.760Z", "user": 1, "content_type": 21, "object_id": "3", "object_repr": "Customer object (3)", "action_flag": 2, "change_message": "[{\"changed\": {\"fields\": [\"Customer own labeling\"]}}]"}}, {"model": "admin.logentry", "pk": 11, "fields": {"action_time": "2026-03-22T21:33:02.443Z", "user": 1, "content_type": 21, "object_id": "2", "object_repr": "Customer object (2)", "action_flag": 2, "change_message": "[{\"changed\": {\"fields\": [\"Customer own labeling\"]}}]"}}, {"model": "admin.logentry", "pk": 12, "fields": {"action_time": "2026-03-22T21:35:09.622Z", "user": 1, "content_type": 23, "object_id": "1", "object_repr": "Supplier object (1)", "action_flag": 1, "change_message": "[{\"added\": {}}]"}}, {"model": "admin.logentry", "pk": 13, "fields": {"action_time": "2026-03-22T21:35:31.800Z", "user": 1, "content_type": 23, "object_id": "2", "object_repr": "Supplier object (2)", "action_flag": 1, "change_message": "[{\"added\": {}}]"}}, {"model": "admin.logentry", "pk": 14, "fields": {"action_time": "2026-03-22T21:40:02.155Z", "user": 1, "content_type": 18, "object_id": "1", "object_repr": "RJ970Z", "action_flag": 1, "change_message": "[{\"added\": {}}]"}}, {"model": "admin.logentry", "pk": 15, "fields": {"action_time": "2026-03-22T21:40:13.948Z", "user": 1, "content_type": 18, "object_id": "1", "object_repr": "RJ970Z", "action_flag": 2, "change_message": "[{\"changed\": {\"fields\": [\"Type\"]}}]"}}, {"model": "admin.logentry", "pk": 16, "fields": {"action_time": "2026-03-22T21:42:07.364Z", "user": 1, "content_type": 23, "object_id": "2", "object_repr": "Supplier object (2)", "action_flag": 2, "change_message": "[]"}}, {"model": "admin.logentry", "pk": 17, "fields": {"action_time": "2026-03-22T21:42:44.332Z", "user": 1, "content_type": 23, "object_id": "3", "object_repr": "Supplier object (3)", "action_flag": 1, "change_message": "[{\"added\": {}}]"}}, {"model": "admin.logentry", "pk": 18, "fields": {"action_time": "2026-03-22T21:44:09.782Z", "user": 1, "content_type": 17, "object_id": "1", "object_repr": "Additive object (1)", "action_flag": 1, "change_message": "[{\"added\": {}}]"}}, {"model": "admin.logentry", "pk": 19, "fields": {"action_time": "2026-03-23T18:54:05.419Z", "user": 1, "content_type": 10, "object_id": "5", "object_repr": "BMB-05 - eKW 55PI/3450 Hybrid", "action_flag": 3, "change_message": ""}}, {"model": "admin.logentry", "pk": 20, "fields": {"action_time": "2026-03-23T18:54:10.008Z", "user": 1, "content_type": 10, "object_id": "4", "object_repr": "BMB-03 - eKW 48PI/5500 Hybrid", "action_flag": 3, "change_message": ""}}, {"model": "admin.logentry", "pk": 21, "fields": {"action_time": "2026-03-23T18:54:14.981Z", "user": 1, "content_type": 10, "object_id": "3", "object_repr": "BMB-04 - eKW 38PI/2200", "action_flag": 3, "change_message": ""}}, {"model": "admin.logentry", "pk": 22, "fields": {"action_time": "2026-03-23T18:54:19.835Z", "user": 1, "content_type": 10, "object_id": "2", "object_repr": "BMB-01 - eKW 1150PI/11500", "action_flag": 3, "change_message": ""}}, {"model": "admin.logentry", "pk": 23, "fields": {"action_time": "2026-03-23T18:54:24.197Z", "user": 1, "content_type": 10, "object_id": "1", "object_repr": "BMB-01 - eKW 1150PI/11500", "action_flag": 3, "change_message": ""}}, {"model": "admin.logentry", "pk": 24, "fields": {"action_time": "2026-03-23T18:54:37.357Z", "user": 1, "content_type": 11, "object_id": "2", "object_repr": "BMB-01 - Матрица за логистична каса (Е2) - 1 гнездо", "action_flag": 3, "change_message": ""}}, {"model": "admin.logentry", "pk": 25, "fields": {"action_time": "2026-03-23T18:54:42.011Z", "user": 1, "content_type": 11, "object_id": "1", "object_repr": "BMB-03 - Paint bucket 10L - 2 slots", "action_flag": 3, "change_message": ""}}, {"model": "admin.logentry", "pk": 26, "fields": {"action_time": "2026-03-26T20:13:43.708Z", "user": 1, "content_type": 8, "object_id": "1", "object_repr": "QC Manager", "action_flag": 1, "change_message": "[{\"added\": {}}]"}}, {"model": "admin.logentry", "pk": 27, "fields": {"action_time": "2026-03-26T20:13:54.639Z", "user": 1, "content_type": 8, "object_id": "2", "object_repr": "Production Manager", "action_flag": 1, "change_message": "[{\"added\": {}}]"}}, {"model": "admin.logentry", "pk": 28, "fields": {"action_time": "2026-03-26T20:14:00.782Z", "user": 1, "content_type": 8, "object_id": "3", "object_repr": "Supervisor", "action_flag": 1, "change_message": "[{\"added\": {}}]"}}, {"model": "admin.logentry", "pk": 29, "fields": {"action_time": "2026-03-26T20:14:15.394Z", "user": 1, "content_type": 8, "object_id": "4", "object_repr": "Team Leader", "action_flag": 1, "change_message": "[{\"added\": {}}]"}}, {"model": "admin.logentry", "pk": 30, "fields": {"action_time": "2026-03-26T20:14:24.840Z", "user": 1, "content_type": 8, "object_id": "5", "object_repr": "Colourman", "action_flag": 1, "change_message": "[{\"added\": {}}]"}}, {"model": "admin.logentry", "pk": 31, "fields": {"action_time": "2026-03-26T20:14:32.620Z", "user": 1, "content_type": 8, "object_id": "6", "object_repr": "QC Inspector", "action_flag": 1, "change_message": "[{\"added\": {}}]"}}, {"model": "admin.logentry", "pk": 32, "fields": {"action_time": "2026-03-26T20:14:38.487Z", "user": 1, "content_type": 8, "object_id": "7", "object_repr": "Operator", "action_flag": 1, "change_message": "[{\"added\": {}}]"}}, {"model": "admin.logentry", "pk": 33, "fields": {"action_time": "2026-03-26T21:45:06.095Z", "user": 1, "content_type": 7, "object_id": "8", "object_repr": "kamen-kadiyski3", "action_flag": 2, "change_message": "[{\"changed\": {\"fields\": [\"Groups\", \"Role\"]}}]"}}, {"model": "admin.logentry", "pk": 34, "fields": {"action_time": "2026-03-28T10:45:12.550Z", "user": 1, "content_type": 8, "object_id": "8", "object_repr": "HR", "action_flag": 1, "change_message": "[{\"added\": {}}]"}}, {"model": "auth.permission", "pk": 1, "fields": {"name": "Can add log entry", "content_type": 1, "codename": "add_logentry"}}, {"model": "auth.permission", "pk": 2, "fields": {"name": "Can change log entry", "content_type": 1, "codename": "change_logentry"}}, {"model": "auth.permission", "pk": 3, "fields": {"name": "Can delete log entry", "content_type": 1, "codename": "delete_logentry"}}, {"model": "auth.permission", "pk": 4, "fields": {"name": "Can view log entry", "content_type": 1, "codename": "view_logentry"}}, {"model": "auth.permission", "pk": 5, "fields": {"name": "Can add permission", "content_type": 3, "codename": "add_permission"}}, {"model": "auth.permission", "pk": 6, "fields": {"name": "Can change permission", "content_type": 3, "codename": "change_permission"}}, {"model": "auth.permission", "pk": 7, "fields": {"name": "Can delete permission", "content_type": 3, "codename": "delete_permission"}}, {"model": "auth.permission", "pk": 8, "fields": {"name": "Can view permission", "content_type": 3, "codename": "view_permission"}}, {"model": "auth.permission", "pk": 9, "fields": {"name": "Can add group", "content_type": 2, "codename": "add_group"}}, {"model": "auth.permission", "pk": 10, "fields": {"name": "Can change group", "content_type": 2, "codename": "change_group"}}, {"model": "auth.permission", "pk": 11, "fields": {"name": "Can delete group", "content_type": 2, "codename": "delete_group"}}, {"model": "auth.permission", "pk": 12, "fields": {"name": "Can view group", "content_type": 2, "codename": "view_group"}}, {"model": "auth.permission", "pk": 13, "fields": {"name": "Can add content type", "content_type": 4, "codename": "add_contenttype"}}, {"model": "auth.permission", "pk": 14, "fields": {"name": "Can change content type", "content_type": 4, "codename": "change_contenttype"}}, {"model": "auth.permission", "pk": 15, "fields": {"name": "Can delete content type", "content_type": 4, "codename": "delete_contenttype"}}, {"model": "auth.permission", "pk": 16, "fields": {"name": "Can view content type", "content_type": 4, "codename": "view_contenttype"}}, {"model": "auth.permission", "pk": 17, "fields": {"name": "Can add session", "content_type": 5, "codename": "add_session"}}, {"model": "auth.permission", "pk": 18, "fields": {"name": "Can change session", "content_type": 5, "codename": "change_session"}}, {"model": "auth.permission", "pk": 19, "fields": {"name": "Can delete session", "content_type": 5, "codename": "delete_session"}}, {"model": "auth.permission", "pk": 20, "fields": {"name": "Can view session", "content_type": 5, "codename": "view_session"}}, {"model": "auth.permission", "pk": 21, "fields": {"name": "Can add work position", "content_type": 8, "codename": "add_workposition"}}, {"model": "auth.permission", "pk": 22, "fields": {"name": "Can change work position", "content_type": 8, "codename": "change_workposition"}}, {"model": "auth.permission", "pk": 23, "fields": {"name": "Can delete work position", "content_type": 8, "codename": "delete_workposition"}}, {"model": "auth.permission", "pk": 24, "fields": {"name": "Can view work position", "content_type": 8, "codename": "view_workposition"}}, {"model": "auth.permission", "pk": 25, "fields": {"name": "Can add user", "content_type": 7, "codename": "add_user"}}, {"model": "auth.permission", "pk": 26, "fields": {"name": "Can change user", "content_type": 7, "codename": "change_user"}}, {"model": "auth.permission", "pk": 27, "fields": {"name": "Can delete user", "content_type": 7, "codename": "delete_user"}}, {"model": "auth.permission", "pk": 28, "fields": {"name": "Can view user", "content_type": 7, "codename": "view_user"}}, {"model": "auth.permission", "pk": 29, "fields": {"name": "Can add employee", "content_type": 6, "codename": "add_employee"}}, {"model": "auth.permission", "pk": 30, "fields": {"name": "Can change employee", "content_type": 6, "codename": "change_employee"}}, {"model": "auth.permission", "pk": 31, "fields": {"name": "Can delete employee", "content_type": 6, "codename": "delete_employee"}}, {"model": "auth.permission", "pk": 32, "fields": {"name": "Can view employee", "content_type": 6, "codename": "view_employee"}}, {"model": "auth.permission", "pk": 33, "fields": {"name": "Can add building", "content_type": 9, "codename": "add_building"}}, {"model": "auth.permission", "pk": 34, "fields": {"name": "Can change building", "content_type": 9, "codename": "change_building"}}, {"model": "auth.permission", "pk": 35, "fields": {"name": "Can delete building", "content_type": 9, "codename": "delete_building"}}, {"model": "auth.permission", "pk": 36, "fields": {"name": "Can view building", "content_type": 9, "codename": "view_building"}}, {"model": "auth.permission", "pk": 37, "fields": {"name": "Can add tool", "content_type": 11, "codename": "add_tool"}}, {"model": "auth.permission", "pk": 38, "fields": {"name": "Can change tool", "content_type": 11, "codename": "change_tool"}}, {"model": "auth.permission", "pk": 39, "fields": {"name": "Can delete tool", "content_type": 11, "codename": "delete_tool"}}, {"model": "auth.permission", "pk": 40, "fields": {"name": "Can view tool", "content_type": 11, "codename": "view_tool"}}, {"model": "auth.permission", "pk": 41, "fields": {"name": "Can add tool repair request", "content_type": 12, "codename": "add_toolrepairrequest"}}, {"model": "auth.permission", "pk": 42, "fields": {"name": "Can change tool repair request", "content_type": 12, "codename": "change_toolrepairrequest"}}, {"model": "auth.permission", "pk": 43, "fields": {"name": "Can delete tool repair request", "content_type": 12, "codename": "delete_toolrepairrequest"}}, {"model": "auth.permission", "pk": 44, "fields": {"name": "Can view tool repair request", "content_type": 12, "codename": "view_toolrepairrequest"}}, {"model": "auth.permission", "pk": 45, "fields": {"name": "Can add machine", "content_type": 10, "codename": "add_machine"}}, {"model": "auth.permission", "pk": 46, "fields": {"name": "Can change machine", "content_type": 10, "codename": "change_machine"}}, {"model": "auth.permission", "pk": 47, "fields": {"name": "Can delete machine", "content_type": 10, "codename": "delete_machine"}}, {"model": "auth.permission", "pk": 48, "fields": {"name": "Can view machine", "content_type": 10, "codename": "view_machine"}}, {"model": "auth.permission", "pk": 49, "fields": {"name": "Can add job", "content_type": 13, "codename": "add_job"}}, {"model": "auth.permission", "pk": 50, "fields": {"name": "Can change job", "content_type": 13, "codename": "change_job"}}, {"model": "auth.permission", "pk": 51, "fields": {"name": "Can delete job", "content_type": 13, "codename": "delete_job"}}, {"model": "auth.permission", "pk": 52, "fields": {"name": "Can view job", "content_type": 13, "codename": "view_job"}}, {"model": "auth.permission", "pk": 53, "fields": {"name": "Can add job log", "content_type": 14, "codename": "add_joblog"}}, {"model": "auth.permission", "pk": 54, "fields": {"name": "Can change job log", "content_type": 14, "codename": "change_joblog"}}, {"model": "auth.permission", "pk": 55, "fields": {"name": "Can delete job log", "content_type": 14, "codename": "delete_joblog"}}, {"model": "auth.permission", "pk": 56, "fields": {"name": "Can view job log", "content_type": 14, "codename": "view_joblog"}}, {"model": "auth.permission", "pk": 57, "fields": {"name": "Can add scrap log", "content_type": 15, "codename": "add_scraplog"}}, {"model": "auth.permission", "pk": 58, "fields": {"name": "Can change scrap log", "content_type": 15, "codename": "change_scraplog"}}, {"model": "auth.permission", "pk": 59, "fields": {"name": "Can delete scrap log", "content_type": 15, "codename": "delete_scraplog"}}, {"model": "auth.permission", "pk": 60, "fields": {"name": "Can view scrap log", "content_type": 15, "codename": "view_scraplog"}}, {"model": "auth.permission", "pk": 61, "fields": {"name": "Can add scrap reason", "content_type": 16, "codename": "add_scrapreason"}}, {"model": "auth.permission", "pk": 62, "fields": {"name": "Can change scrap reason", "content_type": 16, "codename": "change_scrapreason"}}, {"model": "auth.permission", "pk": 63, "fields": {"name": "Can delete scrap reason", "content_type": 16, "codename": "delete_scrapreason"}}, {"model": "auth.permission", "pk": 64, "fields": {"name": "Can view scrap reason", "content_type": 16, "codename": "view_scrapreason"}}, {"model": "auth.permission", "pk": 65, "fields": {"name": "Can add additive", "content_type": 17, "codename": "add_additive"}}, {"model": "auth.permission", "pk": 66, "fields": {"name": "Can change additive", "content_type": 17, "codename": "change_additive"}}, {"model": "auth.permission", "pk": 67, "fields": {"name": "Can delete additive", "content_type": 17, "codename": "delete_additive"}}, {"model": "auth.permission", "pk": 68, "fields": {"name": "Can view additive", "content_type": 17, "codename": "view_additive"}}, {"model": "auth.permission", "pk": 69, "fields": {"name": "Can add material", "content_type": 18, "codename": "add_material"}}, {"model": "auth.permission", "pk": 70, "fields": {"name": "Can change material", "content_type": 18, "codename": "change_material"}}, {"model": "auth.permission", "pk": 71, "fields": {"name": "Can delete material", "content_type": 18, "codename": "delete_material"}}, {"model": "auth.permission", "pk": 72, "fields": {"name": "Can view material", "content_type": 18, "codename": "view_material"}}, {"model": "auth.permission", "pk": 73, "fields": {"name": "Can add qc issue", "content_type": 19, "codename": "add_qcissue"}}, {"model": "auth.permission", "pk": 74, "fields": {"name": "Can change qc issue", "content_type": 19, "codename": "change_qcissue"}}, {"model": "auth.permission", "pk": 75, "fields": {"name": "Can delete qc issue", "content_type": 19, "codename": "delete_qcissue"}}, {"model": "auth.permission", "pk": 76, "fields": {"name": "Can view qc issue", "content_type": 19, "codename": "view_qcissue"}}, {"model": "auth.permission", "pk": 77, "fields": {"name": "Can add qc log", "content_type": 20, "codename": "add_qclog"}}, {"model": "auth.permission", "pk": 78, "fields": {"name": "Can change qc log", "content_type": 20, "codename": "change_qclog"}}, {"model": "auth.permission", "pk": 79, "fields": {"name": "Can delete qc log", "content_type": 20, "codename": "delete_qclog"}}, {"model": "auth.permission", "pk": 80, "fields": {"name": "Can view qc log", "content_type": 20, "codename": "view_qclog"}}, {"model": "auth.permission", "pk": 81, "fields": {"name": "Can add customer", "content_type": 21, "codename": "add_customer"}}, {"model": "auth.permission", "pk": 82, "fields": {"name": "Can change customer", "content_type": 21, "codename": "change_customer"}}, {"model": "auth.permission", "pk": 83, "fields": {"name": "Can delete customer", "content_type": 21, "codename": "delete_customer"}}, {"model": "auth.permission", "pk": 84, "fields": {"name": "Can view customer", "content_type": 21, "codename": "view_customer"}}, {"model": "auth.permission", "pk": 85, "fields": {"name": "Can add supplier", "content_type": 23, "codename": "add_supplier"}}, {"model": "auth.permission", "pk": 86, "fields": {"name": "Can change supplier", "content_type": 23, "codename": "change_supplier"}}, {"model": "auth.permission", "pk": 87, "fields": {"name": "Can delete supplier", "content_type": 23, "codename": "delete_supplier"}}, {"model": "auth.permission", "pk": 88, "fields": {"name": "Can view supplier", "content_type": 23, "codename": "view_supplier"}}, {"model": "auth.permission", "pk": 89, "fields": {"name": "Can add delivery quality issue", "content_type": 22, "codename": "add_deliveryqualityissue"}}, {"model": "auth.permission", "pk": 90, "fields": {"name": "Can change delivery quality issue", "content_type": 22, "codename": "change_deliveryqualityissue"}}, {"model": "auth.permission", "pk": 91, "fields": {"name": "Can delete delivery quality issue", "content_type": 22, "codename": "delete_deliveryqualityissue"}}, {"model": "auth.permission", "pk": 92, "fields": {"name": "Can view delivery quality issue", "content_type": 22, "codename": "view_deliveryqualityissue"}}, {"model": "auth.permission", "pk": 93, "fields": {"name": "Can add Blacklisted Token", "content_type": 24, "codename": "add_blacklistedtoken"}}, {"model": "auth.permission", "pk": 94, "fields": {"name": "Can change Blacklisted Token", "content_type": 24, "codename": "change_blacklistedtoken"}}, {"model": "auth.permission", "pk": 95, "fields": {"name": "Can delete Blacklisted Token", "content_type": 24, "codename": "delete_blacklistedtoken"}}, {"model": "auth.permission", "pk": 96, "fields": {"name": "Can view Blacklisted Token", "content_type": 24, "codename": "view_blacklistedtoken"}}, {"model": "auth.permission", "pk": 97, "fields": {"name": "Can add Outstanding Token", "content_type": 25, "codename": "add_outstandingtoken"}}, {"model": "auth.permission", "pk": 98, "fields": {"name": "Can change Outstanding Token", "content_type": 25, "codename": "change_outstandingtoken"}}, {"model": "auth.permission", "pk": 99, "fields": {"name": "Can delete Outstanding Token", "content_type": 25, "codename": "delete_outstandingtoken"}}, {"model": "auth.permission", "pk": 100, "fields": {"name": "Can view Outstanding Token", "content_type": 25, "codename": "view_outstandingtoken"}}, {"model": "auth.permission", "pk": 101, "fields": {"name": "Can add report parameter", "content_type": 27, "codename": "add_reportparameter"}}, {"model": "auth.permission", "pk": 102, "fields": {"name": "Can change report parameter", "content_type": 27, "codename": "change_reportparameter"}}, {"model": "auth.permission", "pk": 103, "fields": {"name": "Can delete report parameter", "content_type": 27, "codename": "delete_reportparameter"}}, {"model": "auth.permission", "pk": 104, "fields": {"name": "Can view report parameter", "content_type": 27, "codename": "view_reportparameter"}}, {"model": "auth.permission", "pk": 105, "fields": {"name": "Can add report configuration", "content_type": 26, "codename": "add_reportconfiguration"}}, {"model": "auth.permission", "pk": 106, "fields": {"name": "Can change report configuration", "content_type": 26, "codename": "change_reportconfiguration"}}, {"model": "auth.permission", "pk": 107, "fields": {"name": "Can delete report configuration", "content_type": 26, "codename": "delete_reportconfiguration"}}, {"model": "auth.permission", "pk": 108, "fields": {"name": "Can view report configuration", "content_type": 26, "codename": "view_reportconfiguration"}}, {"model": "auth.group", "pk": 1, "fields": {"name": "QC Manager", "permissions": [49, 50, 51, 52, 53, 54, 55, 56, 57, 58, 59, 60, 61, 62, 63, 64, 73, 74, 75, 76, 77, 78, 79, 80, 81, 82, 83, 84]}}, {"model": "auth.group", "pk": 2, "fields": {"name": "HR", "permissions": [29, 30, 31, 32, 25, 26, 27, 28]}}, {"model": "auth.group", "pk": 3, "fields": {"name": "Production manager", "permissions": [33, 34, 35, 36, 45, 46, 47, 48, 37, 38, 39, 40, 41, 42, 43, 44, 56, 60, 65, 66, 67, 68, 69, 70, 71, 72, 76, 80, 89, 90, 91, 92, 85, 86, 87, 88]}}, {"model": "auth.group", "pk": 4, "fields": {"name": "Supervisors", "permissions": [52, 53, 54, 56, 57, 58, 60, 68, 72, 73, 74, 76, 77, 78, 80, 89, 90, 92]}}, {"model": "auth.group", "pk": 5, "fields": {"name": "QC Inspector", "permissions": [57, 60, 73, 76, 77, 80]}}, {"model": "auth.group", "pk": 6, "fields": {"name": "Colourmen", "permissions": [53, 56, 57, 60]}}, {"model": "auth.group", "pk": 7, "fields": {"name": "Operator", "permissions": []}}, {"model": "auth.group", "pk": 8, "fields": {"name": "Team Leader", "permissions": []}}, {"model": "contenttypes.contenttype", "pk": 1, "fields": {"app_label": "admin", "model": "logentry"}}, {"model": "contenttypes.contenttype", "pk": 2, "fields": {"app_label": "auth", "model": "group"}}, {"model": "contenttypes.contenttype", "pk": 3, "fields": {"app_label": "auth", "model": "permission"}}, {"model": "contenttypes.contenttype", "pk": 4, "fields": {"app_label": "contenttypes", "model": "contenttype"}}, {"model": "contenttypes.contenttype", "pk": 5, "fields": {"app_label": "sessions", "model": "session"}}, {"model": "contenttypes.contenttype", "pk": 6, "fields": {"app_label": "accounts", "model": "employee"}}, {"model": "contenttypes.contenttype", "pk": 7, "fields": {"app_label": "accounts", "model": "user"}}, {"model": "contenttypes.contenttype", "pk": 8, "fields": {"app_label": "accounts", "model": "workposition"}}, {"model": "contenttypes.contenttype", "pk": 9, "fields": {"app_label": "equipment", "model": "building"}}, {"model": "contenttypes.contenttype", "pk": 10, "fields": {"app_label": "equipment", "model": "machine"}}, {"model": "contenttypes.contenttype", "pk": 11, "fields": {"app_label": "equipment", "model": "tool"}}, {"model": "contenttypes.contenttype", "pk": 12, "fields": {"app_label": "equipment", "model": "toolrepairrequest"}}, {"model": "contenttypes.contenttype", "pk": 13, "fields": {"app_label": "jobs", "model": "job"}}, {"model": "contenttypes.contenttype", "pk": 14, "fields": {"app_label": "jobs", "model": "joblog"}}, {"model": "contenttypes.contenttype", "pk": 15, "fields": {"app_label": "jobs", "model": "scraplog"}}, {"model": "contenttypes.contenttype", "pk": 16, "fields": {"app_label": "jobs", "model": "scrapreason"}}, {"model": "contenttypes.contenttype", "pk": 17, "fields": {"app_label": "materials", "model": "additive"}}, {"model": "contenttypes.contenttype", "pk": 18, "fields": {"app_label": "materials", "model": "material"}}, {"model": "contenttypes.contenttype", "pk": 19, "fields": {"app_label": "qcloging", "model": "qcissue"}}, {"model": "contenttypes.contenttype", "pk": 20, "fields": {"app_label": "qcloging", "model": "qclog"}}, {"model": "contenttypes.contenttype", "pk": 21, "fields": {"app_label": "traidingparties", "model": "customer"}}, {"model": "contenttypes.contenttype", "pk": 22, "fields": {"app_label": "traidingparties", "model": "deliveryqualityissue"}}, {"model": "contenttypes.contenttype", "pk": 23, "fields": {"app_label": "traidingparties", "model": "supplier"}}, {"model": "contenttypes.contenttype", "pk": 24, "fields": {"app_label": "token_blacklist", "model": "blacklistedtoken"}}, {"model": "contenttypes.contenttype", "pk": 25, "fields": {"app_label": "token_blacklist", "model": "outstandingtoken"}}, {"model": "contenttypes.contenttype", "pk": 26, "fields": {"app_label": "reports", "model": "reportconfiguration"}}, {"model": "contenttypes.contenttype", "pk": 27, "fields": {"app_label": "reports", "model": "reportparameter"}}, {"model": "sessions.session", "pk": "0h3w1msd9v98e3tnm05l3s1d6pilw4uk", "fields": {"session_data": ".eJxVjEEOwiAQRe_C2hDoAAGX7j0DYZhBqoYmpV013t2QdKHb_977h4hp32rcO69xJnEVWlx-N0z5xW0Aeqb2WGRe2rbOKIciT9rlfSF-307376CmXkeNVllvnFI2aAYDE4fkMwWrExtGg5N3yuoQEAqVDN5oJp8dQHEEWny-ycM3dw:1w8Zcf:ZX23ZDBUKGPP7nfr05oHpQVxpv30PSten0YaFF683SE", "expire_date": "2026-04-17T08:11:21.540Z"}}, {"model": "sessions.session", "pk": "6pv43xpqiq3b0cqs1wpxe2uhmfa1eqgk", "fields": {"session_data": ".eJxVjEEOwiAQRe_C2hDoAAGX7j0DYZhBqoYmpV013t2QdKHb_977h4hp32rcO69xJnEVWlx-N0z5xW0Aeqb2WGRe2rbOKIciT9rlfSF-307376CmXkeNVllvnFI2aAYDE4fkMwWrExtGg5N3yuoQEAqVDN5oJp8dQHEEWny-ycM3dw:1w6bJp:wCTHLv89kRerKFCRTPSXiZpBHrljtWogJh7aihcnGxY", "expire_date": "2026-04-11T21:35:45.291Z"}}, {"model": "sessions.session", "pk": "8yz9h9mt3m1usdf7rssisuglkusmrt3m", "fields": {"session_data": ".eJxVjEEOwiAQRe_C2hDoAAGX7j0DYZhBqoYmpV013t2QdKHb_977h4hp32rcO69xJnEVWlx-N0z5xW0Aeqb2WGRe2rbOKIciT9rlfSF-307376CmXkeNVllvnFI2aAYDE4fkMwWrExtGg5N3yuoQEAqVDN5oJp8dQHEEWny-ycM3dw:1w9WHE:d1KPEAlPTFo9JMIh1DbXk3xn0gDQF-9pGarl3rcEH5c", "expire_date": "2026-04-19T22:49:08.055Z"}}, {"model": "sessions.session", "pk": "hfrcy0k76b0t93duwuvw3vrz5g0j1nn1", "fields": {"session_data": ".eJxVjEEOwiAQRe_C2hDoAAGX7j0DYZhBqoYmpV013t2QdKHb_977h4hp32rcO69xJnEVWlx-N0z5xW0Aeqb2WGRe2rbOKIciT9rlfSF-307376CmXkeNVllvnFI2aAYDE4fkMwWrExtGg5N3yuoQEAqVDN5oJp8dQHEEWny-ycM3dw:1w8HWr:7gJ8reMv95TBE8irRKCBZW7rfB1YanAEtXOaXMFVc8g", "expire_date": "2026-04-16T12:52:09.135Z"}}, {"model": "sessions.session", "pk": "j2ybg1039ieakardn40gtdwk5i0w71x7", "fields": {"session_data": ".eJxVjEEOwiAQRe_C2hDoAAGX7j0DYZhBqoYmpV013t2QdKHb_977h4hp32rcO69xJnEVWlx-N0z5xW0Aeqb2WGRe2rbOKIciT9rlfSF-307376CmXkeNVllvnFI2aAYDE4fkMwWrExtGg5N3yuoQEAqVDN5oJp8dQHEEWny-ycM3dw:1w6EPr:hkzZXoiAG0RQ9hh8hcO8PpNaj2lAmmdSSZO0DXlZ7wU", "expire_date": "2026-04-10T21:08:27.697Z"}}, {"model": "sessions.session", "pk": "jygv51je686wzee0g281lnhdcbcnv74z", "fields": {"session_data": ".eJxVjEEOwiAQRe_C2hDoAAGX7j0DYZhBqoYmpV013t2QdKHb_977h4hp32rcO69xJnEVWlx-N0z5xW0Aeqb2WGRe2rbOKIciT9rlfSF-307376CmXkeNVllvnFI2aAYDE4fkMwWrExtGg5N3yuoQEAqVDN5oJp8dQHEEWny-ycM3dw:1w3IsS:3Xc-9XHB7QLnNpRG2Cn8llQtncRjiF6eUSuBRzqTi4w", "expire_date": "2026-04-02T19:17:52.243Z"}}, {"model": "accounts.workposition", "pk": 1, "fields": {"name": "QC Manager", "description": ""}}, {"model": "accounts.workposition", "pk": 2, "fields": {"name": "Production Manager", "description": ""}}, {"model": "accounts.workposition", "pk": 3, "fields": {"name": "Supervisor", "description": ""}}, {"model": "accounts.workposition", "pk": 4, "fields": {"name": "Team Leader", "description": ""}}, {"model": "accounts.workposition", "pk": 5, "fields": {"name": "Colourman", "description": ""}}, {"model": "accounts.workposition", "pk": 6, "fields": {"name": "QC Inspector", "description": ""}}, {"model": "accounts.workposition", "pk": 7, "fields": {"name": "Operator", "description": ""}}, {"model": "accounts.workposition", "pk": 8, "fields": {"name": "HR", "description": ""}}, {"model": "accounts.user", "pk": 1, "fields": {"password": "pbkdf2_sha256$1200000$lJwComQNvIllTI7c8Qy62z$AWDacjPQ6+to2Aj4J7zpcdPqN4yUCTGBQ+A385FVGEQ=", "last_login": "2026-04-05T22:49:08.051Z", "is_superuser": true, "username": "kamen", "first_name": "", "last_name": "", "email": "kamenst@outlook.com", "is_staff": true, "is_active": true, "date_joined": "2026-03-17T19:51:28.984Z", "role": "", "groups": [], "user_permissions": []}}, {"model": "accounts.user", "pk": 2, "fields": {"password": "pbkdf2_sha256$1200000$d1DiWQ8sx9Axmgb7QJQ4zU$TwKlmy3jZjPVBD2Oozw21bA9lnieSjyTC9P2tu6EE2E=", "last_login": null, "is_superuser": false, "username": "kamen-kadiyski", "first_name": "", "last_name": "", "email": "kamen-kadiyski@whatmoreuk.com", "is_staff": false, "is_active": true, "date_joined": "2026-03-26T20:22:36.066Z", "role": "team leader", "groups": [], "user_permissions": []}}, {"model": "accounts.user", "pk": 3, "fields": {"password": "pbkdf2_sha256$1200000$ephbqtoWZ7pqk4FUH6wwXX$B3yO+UFyl4PvGQMpV/FE/BwPXP5ROwbGSxUMEIFMV6g=", "last_login": null, "is_superuser": false, "username": "ste-smalley", "first_name": "", "last_name": "", "email": "ste-smalley@whatmoreuk.com", "is_staff": false, "is_active": true, "date_joined": "2026-03-26T20:27:47.563Z", "role": "supervisor", "groups": [], "user_permissions": []}}, {"model": "accounts.user", "pk": 5, "fields": {"password": "pbkdf2_sha256$1200000$rhWzW65V5Mhct0xO4cNq7G$6nLEQxLBGdmXHcM9IO8e7vNqHCkSTBLCzqIUf+Azbew=", "last_login": null, "is_superuser": false, "username": "kamen-kadiyski2", "first_name": "", "last_name": "", "email": "kamen-kadiyski@whatmoreuk.com", "is_staff": false, "is_active": true, "date_joined": "2026-03-26T20:51:07.212Z", "role": "team leader", "groups": [], "user_permissions": []}}, {"model": "accounts.user", "pk": 8, "fields": {"password": "pbkdf2_sha256$1200000$qg0c82xwfyQGZZBA9tjBo4$bxMRHuho4F2v5KMM9jDUbVXdE/a/PpUHjdGaUg6nWAo=", "last_login": "2026-03-26T21:45:39.167Z", "is_superuser": false, "username": "kamen-kadiyski3", "first_name": "", "last_name": "", "email": "kamen-kadiyski@whatmoreuk.com", "is_staff": false, "is_active": true, "date_joined": "2026-03-26T21:38:26Z", "role": "team leader", "groups": [4], "user_permissions": []}}, {"model": "accounts.user", "pk": 10, "fields": {"password": "pbkdf2_sha256$1200000$twja2xXlgKx4eUhQB8GMeR$VE9BrWLctqofj7HJsEs3X71r7van6oUBsaVHZbNuJfY=", "last_login": null, "is_superuser": false, "username": "ste-smalley2", "first_name": "", "last_name": "", "email": "ste-smalley@whatmoreuk.com", "is_staff": false, "is_active": true, "date_joined": "2026-03-28T10:13:51.796Z", "role": "supervisor", "groups": [], "user_permissions": []}}, {"model": "accounts.user", "pk": 11, "fields": {"password": "pbkdf2_sha256$1200000$9hkHtDBE8H2H7YEr90PIWZ$3FuJ4AM/DJZE29JnCtEg4RvuT5DMnRN3Iz5XWmuyK/0=", "last_login": null, "is_superuser": false, "username": "mattew-hand", "first_name": "", "last_name": "", "email": "mattew-hand@whatmoreuk.com", "is_staff": false, "is_active": true, "date_joined": "2026-03-28T10:19:48.853Z", "role": "production manager", "groups": [], "user_permissions": []}}, {"model": "accounts.user", "pk": 12, "fields": {"password": "pbkdf2_sha256$1200000$jlOjYOdsWRy1jMZdqj71l0$qqhvrbHKlAXisSi8ibsxk+fW4Ed2DRYg4YD+yHR3FQY=", "last_login": "2026-03-28T11:16:40.302Z", "is_superuser": false, "username": "lee-hugman", "first_name": "", "last_name": "", "email": "lee-hugman@whatmoreuk.com", "is_staff": true, "is_active": true, "date_joined": "2026-03-28T10:20:06.170Z", "role": "admin", "groups": [], "user_permissions": []}}, {"model": "accounts.user", "pk": 13, "fields": {"password": "pbkdf2_sha256$1200000$zakmZDn2s66qMud1sxqXzg$PHgvYOWAlxOGxjwmSGo8hzPemdultzqc579JU3Q47eE=", "last_login": "2026-03-28T10:33:29.297Z", "is_superuser": false, "username": "matt-hand", "first_name": "", "last_name": "", "email": "matt-hand@whatmoreuk.com", "is_staff": false, "is_active": true, "date_joined": "2026-03-28T10:26:52.258Z", "role": "production manager", "groups": [3], "user_permissions": []}}, {"model": "accounts.user", "pk": 15, "fields": {"password": "pbkdf2_sha256$1200000$odFogImR2uheYZIMgltoGb$cAWPjVI1RKVuDXSQ0HX8T8gmKMp/xzprCFZZO3ztj84=", "last_login": "2026-04-03T11:59:52.391Z", "is_superuser": false, "username": "lee-hugman2", "first_name": "", "last_name": "", "email": "lee-hugman@whatmoreuk.com", "is_staff": true, "is_active": true, "date_joined": "2026-03-28T10:27:06.863Z", "role": "admin", "groups": [1], "user_permissions": []}}, {"model": "accounts.user", "pk": 16, "fields": {"password": "pbkdf2_sha256$1200000$pOqv0JuhGeCMmGMq5OSpK9$BRc0GgDnjtWt6/Io7Vgrrur6exMhCOYb4eDRYjUOPNQ=", "last_login": "2026-03-28T10:42:56.991Z", "is_superuser": false, "username": "steven-box", "first_name": "", "last_name": "", "email": "steven-box@whatmoreuk.com", "is_staff": false, "is_active": true, "date_joined": "2026-03-28T10:42:11.855Z", "role": "production manager", "groups": [3], "user_permissions": []}}, {"model": "accounts.user", "pk": 17, "fields": {"password": "pbkdf2_sha256$1200000$rpPqQejMpLnEHmIr0rP3Ut$zlqe1qYayZDEnLtQP5fzPgBxdeOiRyFcv3vpkPMCKFo=", "last_login": "2026-03-28T10:51:00.920Z", "is_superuser": false, "username": "sally-hulse", "first_name": "", "last_name": "", "email": "sally-hulse@whatmoreuk.com", "is_staff": false, "is_active": true, "date_joined": "2026-03-28T10:45:41.768Z", "role": "hr", "groups": [2], "user_permissions": []}}, {"model": "accounts.user", "pk": 18, "fields": {"password": "pbkdf2_sha256$1200000$NwTtCSep9VNksKIWOARQIZ$LjLyGSGr3yasLmuPIrsL4QUOvybH+3W8xEpfYULWSVk=", "last_login": "2026-03-28T10:57:00.094Z", "is_superuser": false, "username": "lily-smith", "first_name": "", "last_name": "", "email": "lily-smith@whatmoreuk.com", "is_staff": false, "is_active": true, "date_joined": "2026-03-28T10:51:50.776Z", "role": "hr", "groups": [2], "user_permissions": []}}, {"model": "accounts.user", "pk": 19, "fields": {"password": "pbkdf2_sha256$1200000$V4dRyXtHtKpk0UFQiJ3Jaf$U6EjgYVzr+51611TGxMCyIHsCF8QZF4tG2OPK9anyxk=", "last_login": "2026-03-28T11:04:15.871Z", "is_superuser": false, "username": "danny-makin", "first_name": "", "last_name": "", "email": "danny-makin@whatmoreuk.com", "is_staff": false, "is_active": true, "date_joined": "2026-03-28T11:01:11.656Z", "role": "colourman", "groups": [6], "user_permissions": []}}, {"model": "accounts.user", "pk": 20, "fields": {"password": "pbkdf2_sha256$1200000$cElgT8UifFH7hnD9hlzfP0$MXm2MibPZJGTxYt4xyxwYmbSLXOZ0XzMm1KQzOM5Vpw=", "last_login": "2026-03-28T11:05:46.220Z", "is_superuser": false, "username": "saulius-vaskevicius", "first_name": "", "last_name": "", "email": "saulius-vaskevicius@whatmoreuk.com", "is_staff": false, "is_active": true, "date_joined": "2026-03-28T11:02:20.655Z", "role": "qc", "groups": [5], "user_permissions": []}}, {"model": "accounts.user", "pk": 24, "fields": {"password": "pbkdf2_sha256$1200000$bLF8upAcrZhB8pE7UqKsqv$8mJPa9hnGQosofiEao3cj07bOuuCPJAAfBBbo6rliUU=", "last_login": "2026-03-28T11:06:46.962Z", "is_superuser": false, "username": "kamen-kadiyski4", "first_name": "", "last_name": "", "email": "kamen-kadiyski@whatmoreuk.com", "is_staff": false, "is_active": true, "date_joined": "2026-03-28T11:02:43.100Z", "role": "team leader", "groups": [8], "user_permissions": []}}, {"model": "accounts.user", "pk": 27, "fields": {"password": "pbkdf2_sha256$1200000$hofxSILGpuW8wOqxrYHFjd$dsYYmSaiNX4DjCfIBAtgLtuBShL2vEOlw5OB85ShVOg=", "last_login": "2026-03-28T11:07:37.620Z", "is_superuser": false, "username": "ste-smalley3", "first_name": "", "last_name": "", "email": "ste-smalley@whatmoreuk.com", "is_staff": false, "is_active": true, "date_joined": "2026-03-28T11:03:16.801Z", "role": "supervisor", "groups": [4], "user_permissions": []}}, {"model": "accounts.user", "pk": 28, "fields": {"password": "pbkdf2_sha256$1200000$aL4w4byxmkNhpGoEwp5RpZ$vz3SMaO04rsSH4OTf/B+pCE5L/ql1h46xbb1S5CKtVk=", "last_login": "2026-04-02T12:51:07.015Z", "is_superuser": false, "username": "gary-ireland", "first_name": "", "last_name": "", "email": "gary-ireland@whatmoreuk.com", "is_staff": false, "is_active": true, "date_joined": "2026-04-02T12:49:22.123Z", "role": "production manager", "groups": [3], "user_permissions": []}}, {"model": "accounts.employee", "pk": 9, "fields": {"first_name": "Matt", "last_name": "Hand", "clock_number": "123", "work_position": 2, "login_required": true, "user": 13}}, {"model": "accounts.employee", "pk": 10, "fields": {"first_name": "Lee", "last_name": "Hugman", "clock_number": "12", "work_position": 1, "login_required": true, "user": 15}}, {"model": "accounts.employee", "pk": 11, "fields": {"first_name": "Steven", "last_name": "Box", "clock_number": "1437", "work_position": 2, "login_required": true, "user": 16}}, {"model": "accounts.employee", "pk": 12, "fields": {"first_name": "Sally", "last_name": "Hulse", "clock_number": "1250", "work_position": 8, "login_required": true, "user": 17}}, {"model": "accounts.employee", "pk": 13, "fields": {"first_name": "Lily", "last_name": "Smith", "clock_number": "1453", "work_position": 8, "login_required": true, "user": 18}}, {"model": "accounts.employee", "pk": 14, "fields": {"first_name": "Blagovest", "last_name": "Antonov", "clock_number": "1329", "work_position": 7, "login_required": false, "user": null}}, {"model": "accounts.employee", "pk": 15, "fields": {"first_name": "Danny", "last_name": "Makin", "clock_number": "566", "work_position": 5, "login_required": true, "user": 19}}, {"model": "accounts.employee", "pk": 16, "fields": {"first_name": "Saulius", "last_name": "Vaskevicius", "clock_number": "677", "work_position": 6, "login_required": true, "user": 20}}, {"model": "accounts.employee", "pk": 17, "fields": {"first_name": "Kamen", "last_name": "Kadiyski", "clock_number": "815", "work_position": 4, "login_required": true, "user": 24}}, {"model": "accounts.employee", "pk": 18, "fields": {"first_name": "Ste", "last_name": "Smalley", "clock_number": "413", "work_position": 3, "login_required": true, "user": 27}}, {"model": "accounts.employee", "pk": 19, "fields": {"first_name": "Bistra", "last_name": "Angelova", "clock_number": "1454", "work_position": 7, "login_required": false, "user": null}}, {"model": "accounts.employee", "pk": 20, "fields": {"first_name": "Gary", "last_name": "Ireland", "clock_number": "1", "work_position": 2, "login_required": true, "user": 28}}, {"model": "equipment.building", "pk": 1, "fields": {"name": "B1", "crane_capacity": 10000, "number_of_silos": 5, "is_centralised_cooling": false}}, {"model": "equipment.building", "pk": 2, "fields": {"name": "B2", "crane_capacity": 10000, "number_of_silos": 6, "is_centralised_cooling": false}}, {"model": "equipment.building", "pk": 3, "fields": {"name": "B6", "crane_capacity": 10000, "number_of_silos": 4, "is_centralised_cooling": true}}, {"model": "equipment.tool", "pk": 3, "fields": {"code": "BMB-03", "description": "80 litter box light version MK2", "clamping_force": 3400, "tool_width": 880.0, "tool_height": 610.0, "tool_thickness": 750.0, "moving_platen_stroke": 600.0, "injection_capacity": 1200.0, "ejecting_stroke": 280.0, "number_of_ejector_cores": 8, "is_in_use": false}}, {"model": "equipment.tool", "pk": 4, "fields": {"code": "BMB-08", "description": "Caps 38mm (IML) - 12 impression", "clamping_force": 1900, "tool_width": 620.0, "tool_height": 550.0, "tool_thickness": 480.0, "moving_platen_stroke": 500.0, "injection_capacity": 140.0, "ejecting_stroke": 120.0, "number_of_ejector_cores": 4, "is_in_use": false}}, {"model": "equipment.tool", "pk": 5, "fields": {"code": "BMB-01", "description": "10 lt. builder bucket - 2 impression", "clamping_force": 7200, "tool_width": 980.0, "tool_height": 920.0, "tool_thickness": 780.0, "moving_platen_stroke": 950.0, "injection_capacity": 2800.0, "ejecting_stroke": 350.0, "number_of_ejector_cores": 6, "is_in_use": false}}, {"model": "equipment.tool", "pk": 7, "fields": {"code": "BMB-04", "description": "Tool for lids", "clamping_force": 6500, "tool_width": 1100.0, "tool_height": 850.0, "tool_thickness": 650.0, "moving_platen_stroke": 800.0, "injection_capacity": 1950.0, "ejecting_stroke": 3200.0, "number_of_ejector_cores": 4, "is_in_use": false}}, {"model": "equipment.machine", "pk": 6, "fields": {"machine_number": "BMB-04", "building": 3, "machine_model": "eKW 38PI/2200", "machine_description": "High-speed precision machine for closures and small technical parts.", "max_clamping_force": 2200, "max_tool_width": 630.0, "max_tool_height": 630.0, "max_tool_thickness": 650.0, "max_moving_platen_stroke": 650.0, "max_injection_capacity": 1300.0, "max_ejecting_stroke": 200.0, "number_of_ejector_cores": 4, "compatible_tools": []}}, {"model": "equipment.machine", "pk": 7, "fields": {"machine_number": "BMB-05", "building": 1, "machine_model": "eKW 55PI/3450 Hybrid", "machine_description": "High-performance hybrid machine for packaging and technical molding.", "max_clamping_force": 5500, "max_tool_width": 920.0, "max_tool_height": 920.0, "max_tool_thickness": 900.0, "max_moving_platen_stroke": 900.0, "max_injection_capacity": 2150.0, "max_ejecting_stroke": 250.0, "number_of_ejector_cores": 6, "compatible_tools": []}}, {"model": "equipment.machine", "pk": 8, "fields": {"machine_number": "BMB-03", "building": 3, "machine_model": "eKW 48PI/5500 Hybrid", "machine_description": "Fast cycle hybrid machine for thin wall packaging", "max_clamping_force": 5500, "max_tool_width": 910.0, "max_tool_height": 910.0, "max_tool_thickness": 950.0, "max_moving_platen_stroke": 850.0, "max_injection_capacity": 3450.0, "max_ejecting_stroke": 250.0, "number_of_ejector_cores": 6, "compatible_tools": [4]}}, {"model": "equipment.machine", "pk": 9, "fields": {"machine_number": "BMB-01", "building": 3, "machine_model": "eKW 1150PI/11500", "machine_description": "Full electric high performance injection moulding machine for large parts", "max_clamping_force": 11500, "max_tool_width": 1250.0, "max_tool_height": 1120.0, "max_tool_thickness": 1400.0, "max_moving_platen_stroke": 1400.0, "max_injection_capacity": 11500.0, "max_ejecting_stroke": 400.0, "number_of_ejector_cores": 12, "compatible_tools": [5, 4, 3]}}, {"model": "jobs.job", "pk": 1, "fields": {"job_code": "11875", "description": "10 liter bucket general purpose", "customer": 1, "qc_and_additional_notes": "Check for streaks! Add more screw back time for better mixing", "materials": [1], "additives": [1], "tools": [5]}}, {"model": "jobs.job", "pk": 2, "fields": {"job_code": "11335", "description": "Casa 16 liter bucket", "customer": 1, "qc_and_additional_notes": "", "materials": [1], "additives": [1], "tools": [5]}}, {"model": "jobs.job", "pk": 3, "fields": {"job_code": "11315", "description": "80 litter crystal clear box and clear lid", "customer": 1, "qc_and_additional_notes": "Watch for shorts on handle", "materials": [1], "additives": [3], "tools": [3]}}, {"model": "jobs.job", "pk": 4, "fields": {"job_code": "12561", "description": "Lid for 32/45/60/80 litter boxes", "customer": 1, "qc_and_additional_notes": "Check for flash on clips", "materials": [1], "additives": [3], "tools": [7]}}, {"model": "jobs.joblog", "pk": 1, "fields": {"job": 2, "order_total_amount": 10000, "current_material": 1, "current_additive": 3, "current_tool": 3, "current_machine": 7, "date_and_time": "2026-03-28T14:28:26.894Z", "is_complete": false}}, {"model": "jobs.joblog", "pk": 2, "fields": {"job": 4, "order_total_amount": 50000, "current_material": 1, "current_additive": 3, "current_tool": 7, "current_machine": 6, "date_and_time": "2026-04-02T07:10:43.714Z", "is_complete": false}}, {"model": "jobs.joblog", "pk": 3, "fields": {"job": 1, "order_total_amount": 6000, "current_material": 1, "current_additive": 1, "current_tool": 5, "current_machine": 9, "date_and_time": "2026-04-02T07:27:12.033Z", "is_complete": false}}, {"model": "jobs.scrapreason", "pk": 1, "fields": {"name": "Short", "description": "This describes the scrap when the mould is not completely finished"}}, {"model": "jobs.scrapreason", "pk": 2, "fields": {"name": "Gas", "description": "Describes the situation when there are bubbles in the mould."}}, {"model": "jobs.scrapreason", "pk": 3, "fields": {"name": "Colour change", "description": "All scrap when change colour"}}, {"model": "jobs.scrapreason", "pk": 4, "fields": {"name": "Flash", "description": "Technical problem with the tool. Too much molten material is coming out of the mould."}}, {"model": "jobs.scrapreason", "pk": 5, "fields": {"name": "Material change", "description": "All scrap when material is changed"}}, {"model": "jobs.scraplog", "pk": 1, "fields": {"job_log": 2, "scrap_reason": 1, "amount_scrap": 130, "date_and_time": "2026-04-02T08:39:12.401Z"}}, {"model": "jobs.scraplog", "pk": 2, "fields": {"job_log": 3, "scrap_reason": 3, "amount_scrap": 250, "date_and_time": "2026-04-02T08:42:01.939Z"}}, {"model": "jobs.scraplog", "pk": 3, "fields": {"job_log": 2, "scrap_reason": 2, "amount_scrap": 177, "date_and_time": "2026-04-02T12:51:29.221Z"}}, {"model": "jobs.scraplog", "pk": 4, "fields": {"job_log": 2, "scrap_reason": 5, "amount_scrap": 60, "date_and_time": "2026-04-03T11:41:22.911Z"}}, {"model": "materials.material", "pk": 1, "fields": {"name": "RJ970Z", "supplier": 2, "type": "clear", "mfi_mfr": "70", "density": 1, "product_durability": "LOW", "product_optic": "TRANSP", "additional_notes": "High melt clear material"}}, {"model": "materials.material", "pk": 2, "fields": {"name": "BF970MO", "supplier": 1, "type": "block", "mfi_mfr": "20", "density": 1, "product_durability": "MED", "product_optic": "OPAQUE", "additional_notes": "Extremely strong material. It is used in products that are used outdoors and require great strength."}}, {"model": "materials.additive", "pk": 1, "fields": {"additive_code": "773JD", "name": "Bowler Hat Grey", "supplier": 3, "additional_notes": "More attention on block materials - need more screwback time for better mixing with material \r\nSet to 2% maximum. Whit block material can set lower percentage - 1,5% minimum"}}, {"model": "materials.additive", "pk": 3, "fields": {"additive_code": "0", "name": "No additive", "supplier": 1, "additional_notes": "No additive needed"}}, {"model": "materials.additive", "pk": 4, "fields": {"additive_code": "908JD", "name": "Midnight navy", "supplier": 3, "additional_notes": "Navy MB - 2%"}}, {"model": "materials.additive", "pk": 5, "fields": {"additive_code": "375CM", "name": "Spectrum blue - tint MB", "supplier": 3, "additional_notes": "Tint MB - 1%"}}, {"model": "qcloging.qclog", "pk": 1, "fields": {"job_log": 2, "qc_inspector": 16, "first_of_sample_issued": true, "like_fos": false, "have_spec_sheet": true, "correct_labels": true, "packed_correctly": true, "operator_sheet_signed": true, "runs_with_flash": false, "logged_at": "2026-04-03T09:59:21.757Z"}}, {"model": "qcloging.qclog", "pk": 2, "fields": {"job_log": 1, "qc_inspector": 10, "first_of_sample_issued": true, "like_fos": true, "have_spec_sheet": true, "correct_labels": true, "packed_correctly": true, "operator_sheet_signed": true, "runs_with_flash": false, "logged_at": "2026-04-03T10:01:32.044Z"}}, {"model": "qcloging.qclog", "pk": 3, "fields": {"job_log": 3, "qc_inspector": 17, "first_of_sample_issued": true, "like_fos": true, "have_spec_sheet": true, "correct_labels": true, "packed_correctly": true, "operator_sheet_signed": true, "runs_with_flash": true, "logged_at": "2026-04-03T10:15:00.547Z"}}, {"model": "qcloging.qclog", "pk": 5, "fields": {"job_log": 1, "qc_inspector": 10, "first_of_sample_issued": true, "like_fos": false, "have_spec_sheet": true, "correct_labels": true, "packed_correctly": false, "operator_sheet_signed": true, "runs_with_flash": false, "logged_at": "2026-04-03T11:37:09.469Z"}}, {"model": "qcloging.qclog", "pk": 6, "fields": {"job_log": 2, "qc_inspector": 10, "first_of_sample_issued": true, "like_fos": true, "have_spec_sheet": true, "correct_labels": true, "packed_correctly": true, "operator_sheet_signed": true, "runs_with_flash": true, "logged_at": "2026-04-03T11:37:47.137Z"}}, {"model": "qcloging.qcissue", "pk": 1, "fields": {"job_log": 2, "issue_description": "Need tool repair or change material. Increase clamping pressure!", "assigned_to": 14, "is_sorted": false, "logged_at": "2026-04-03T12:07:08.027Z", "updated_at": "2026-04-03T12:13:18.232Z"}}, {"model": "qcloging.qcissue", "pk": 2, "fields": {"job_log": 3, "issue_description": "Massive flash on handle hole. Tool to be repaired", "assigned_to": 9, "is_sorted": true, "logged_at": "2026-04-03T12:14:19.919Z", "updated_at": "2026-04-03T12:23:34.134Z"}}, {"model": "qcloging.qcissue", "pk": 3, "fields": {"job_log": 2, "issue_description": "Big flash", "assigned_to": 10, "is_sorted": false, "logged_at": "2026-04-05T22:53:11.372Z", "updated_at": "2026-04-05T22:53:11.372Z"}}, {"model": "qcloging.qcissue", "pk": 4, "fields": {"job_log": 1, "issue_description": "Too hot gate.", "assigned_to": 10, "is_sorted": true, "logged_at": "2026-04-10T07:59:58.837Z", "updated_at": "2026-04-10T08:00:08.770Z"}}, {"model": "traidingparties.supplier", "pk": 1, "fields": {"name": "Borealis", "mail": "borealis@borealis.com"}}, {"model": "traidingparties.supplier", "pk": 2, "fields": {"name": "Total", "mail": "total_Chemical@total.nl"}}, {"model": "traidingparties.supplier", "pk": 3, "fields": {"name": "Rapid additives", "mail": "info@rapidadditives.com"}}, {"model": "traidingparties.supplier", "pk": 4, "fields": {"name": "KoreaPetrochemical", "mail": "Koreapetrochemical@petrochemical.com"}}, {"model": "traidingparties.deliveryqualityissue", "pk": 1, "fields": {"supplier": 3, "material": null, "additive": 1, "issue_description": "Not melt properly", "bach_number": "1234/5434", "issue_date": "2026-04-03T14:10:00.928Z"}}, {"model": "traidingparties.deliveryqualityissue", "pk": 2, "fields": {"supplier": 2, "material": 1, "additive": null, "issue_description": "Top bags are full with water", "bach_number": "3554322", "issue_date": "2026-04-03T14:10:49.167Z"}}, {"model": "traidingparties.customer", "pk": 1, "fields": {"name": "Picking - small customers", "customer_own_labeling": false}}, {"model": "traidingparties.customer", "pk": 2, "fields": {"name": "CDS - Range", "customer_own_labeling": true}}, {"model": "traidingparties.customer", "pk": 3, "fields": {"name": "B&M", "customer_own_labeling": true}}, {"model": "traidingparties.customer", "pk": 4, "fields": {"name": "B&Q", "customer_own_labeling": true}}]
